name,path
GetTicketQueryResetEvent,feature-libs/customer-ticketing/root/events/customer-ticketing.events.ts
GetTicketQueryReloadEvent,feature-libs/customer-ticketing/root/events/customer-ticketing.events.ts
GetTicketsQueryResetEvents,feature-libs/customer-ticketing/root/events/customer-ticketing.events.ts
GetTicketsQueryReloadEvents,feature-libs/customer-ticketing/root/events/customer-ticketing.events.ts
NewMessageEvent,feature-libs/customer-ticketing/root/events/customer-ticketing.events.ts
TicketReopenedEvent,feature-libs/customer-ticketing/root/events/customer-ticketing.events.ts
TicketClosedEvent,feature-libs/customer-ticketing/root/events/customer-ticketing.events.ts
GetTicketCategoryQueryResetEvent,feature-libs/customer-ticketing/root/events/customer-ticketing.events.ts
GetTicketCategoryQueryReloadEvent,feature-libs/customer-ticketing/root/events/customer-ticketing.events.ts
GetTicketAssociatedObjectsQueryResetEvent,feature-libs/customer-ticketing/root/events/customer-ticketing.events.ts
GetTicketAssociatedObjectsQueryReloadEvent,feature-libs/customer-ticketing/root/events/customer-ticketing.events.ts
TicketCreatedEvent,feature-libs/customer-ticketing/root/events/customer-ticketing.events.ts
CreateEvent,feature-libs/customer-ticketing/root/events/customer-ticketing.events.ts
UploadAttachmentSuccessEvent,feature-libs/customer-ticketing/root/events/customer-ticketing.events.ts
OrderEvent,feature-libs/order/root/events/order.events.ts
OrderPlacedEvent,feature-libs/order/root/events/order.events.ts
ReplenishmentOrderScheduledEvent,feature-libs/order/root/events/order.events.ts
CdcLoadUserTokenFailEvent,integration-libs/cdc/root/events/cdc-event.ts
CdcReConsentEvent,integration-libs/cdc/root/events/cdc-event.ts
HomePageEvent,projects/storefrontlib/events/home/home-page.events.ts
NavigationEvent,projects/storefrontlib/events/navigation/navigation.event.ts
PageEvent,projects/storefrontlib/events/page/page.events.ts
ProductDetailsPageEvent,projects/storefrontlib/events/product/product-page.events.ts
CategoryPageResultsEvent,projects/storefrontlib/events/product/product-page.events.ts
SearchPageResultsEvent,projects/storefrontlib/events/product/product-page.events.ts
CartPageEvent,feature-libs/cart/base/root/events/cart-page.events.ts
CartEvent,feature-libs/cart/base/root/events/cart.events.ts
CreateCartEvent,feature-libs/cart/base/root/events/cart.events.ts
CreateCartSuccessEvent,feature-libs/cart/base/root/events/cart.events.ts
CreateCartFailEvent,feature-libs/cart/base/root/events/cart.events.ts
CartAddEntryEvent,feature-libs/cart/base/root/events/cart.events.ts
CartAddEntrySuccessEvent,feature-libs/cart/base/root/events/cart.events.ts
CartAddEntryFailEvent,feature-libs/cart/base/root/events/cart.events.ts
CartRemoveEntryFailEvent,feature-libs/cart/base/root/events/cart.events.ts
CartRemoveEntrySuccessEvent,feature-libs/cart/base/root/events/cart.events.ts
CartUpdateEntrySuccessEvent,feature-libs/cart/base/root/events/cart.events.ts
CartUpdateEntryFailEvent,feature-libs/cart/base/root/events/cart.events.ts
CartUiEventAddToCart,feature-libs/cart/base/root/events/cart.events.ts
MergeCartSuccessEvent,feature-libs/cart/base/root/events/cart.events.ts
LoadCartEvent,feature-libs/cart/base/root/events/cart.events.ts
RemoveCartEvent,feature-libs/cart/base/root/events/cart.events.ts
DeleteCartEvent,feature-libs/cart/base/root/events/cart.events.ts
DeleteCartSuccessEvent,feature-libs/cart/base/root/events/cart.events.ts
DeleteCartFailEvent,feature-libs/cart/base/root/events/cart.events.ts
AddCartVoucherEvent,feature-libs/cart/base/root/events/cart.events.ts
AddCartVoucherSuccessEvent,feature-libs/cart/base/root/events/cart.events.ts
AddCartVoucherFailEvent,feature-libs/cart/base/root/events/cart.events.ts
RemoveCartVoucherEvent,feature-libs/cart/base/root/events/cart.events.ts
RemoveCartVoucherSuccessEvent,feature-libs/cart/base/root/events/cart.events.ts
RemoveCartVoucherFailEvent,feature-libs/cart/base/root/events/cart.events.ts
SavedCartEvent,feature-libs/cart/saved-cart/root/events/saved-cart.events.ts
SaveCartEvent,feature-libs/cart/saved-cart/root/events/saved-cart.events.ts
SaveCartSuccessEvent,feature-libs/cart/saved-cart/root/events/saved-cart.events.ts
SaveCartFailEvent,feature-libs/cart/saved-cart/root/events/saved-cart.events.ts
RestoreSavedCartEvent,feature-libs/cart/saved-cart/root/events/saved-cart.events.ts
RestoreSavedCartSuccessEvent,feature-libs/cart/saved-cart/root/events/saved-cart.events.ts
RestoreSavedCartFailEvent,feature-libs/cart/saved-cart/root/events/saved-cart.events.ts
EditSavedCartEvent,feature-libs/cart/saved-cart/root/events/saved-cart.events.ts
EditSavedCartSuccessEvent,feature-libs/cart/saved-cart/root/events/saved-cart.events.ts
EditSavedCartFailEvent,feature-libs/cart/saved-cart/root/events/saved-cart.events.ts
CloneSavedCartEvent,feature-libs/cart/saved-cart/root/events/saved-cart.events.ts
CloneSavedCartSuccessEvent,feature-libs/cart/saved-cart/root/events/saved-cart.events.ts
CloneSavedCartFailEvent,feature-libs/cart/saved-cart/root/events/saved-cart.events.ts
CheckoutQueryReloadEvent,feature-libs/checkout/base/root/events/checkout.events.ts
CheckoutQueryResetEvent,feature-libs/checkout/base/root/events/checkout.events.ts
CheckoutEvent,feature-libs/checkout/base/root/events/checkout.events.ts
CheckoutDeliveryAddressEvent,feature-libs/checkout/base/root/events/checkout.events.ts
CheckoutDeliveryAddressCreatedEvent,feature-libs/checkout/base/root/events/checkout.events.ts
CheckoutDeliveryAddressSetEvent,feature-libs/checkout/base/root/events/checkout.events.ts
CheckoutDeliveryAddressClearedEvent,feature-libs/checkout/base/root/events/checkout.events.ts
CheckoutDeliveryModeEvent,feature-libs/checkout/base/root/events/checkout.events.ts
CheckoutDeliveryModeSetEvent,feature-libs/checkout/base/root/events/checkout.events.ts
CheckoutDeliveryModeClearedEvent,feature-libs/checkout/base/root/events/checkout.events.ts
CheckoutDeliveryModeClearedErrorEvent,feature-libs/checkout/base/root/events/checkout.events.ts
CheckoutSupportedDeliveryModesQueryReloadEvent,feature-libs/checkout/base/root/events/checkout.events.ts
CheckoutSupportedDeliveryModesQueryResetEvent,feature-libs/checkout/base/root/events/checkout.events.ts
CheckoutPaymentDetailsEvent,feature-libs/checkout/base/root/events/checkout.events.ts
CheckoutPaymentDetailsCreatedEvent,feature-libs/checkout/base/root/events/checkout.events.ts
CheckoutPaymentDetailsSetEvent,feature-libs/checkout/base/root/events/checkout.events.ts
CheckoutPaymentCardTypesQueryReloadEvent,feature-libs/checkout/base/root/events/checkout.events.ts
CheckoutPaymentCardTypesQueryResetEvent,feature-libs/checkout/base/root/events/checkout.events.ts
UserAccountEvent,feature-libs/user/account/root/events/user-account.events.ts
UserAccountChangedEvent,feature-libs/user/account/root/events/user-account.events.ts
ModuleInitializedEvent,projects/core/src/lazy-loading/events/module-initialized-event.ts
FacetChangedEvent,projects/core/src/product/event/product.events.ts
LanguageSetEvent,projects/core/src/site-context/events/site-context.events.ts
CurrencySetEvent,projects/core/src/site-context/events/site-context.events.ts
UserAddressEvent,projects/core/src/user/events/user.events.ts
UpdateUserAddressEvent,projects/core/src/user/events/user.events.ts
DeleteUserAddressEvent,projects/core/src/user/events/user.events.ts
AddUserAddressEvent,projects/core/src/user/events/user.events.ts
LoadUserAddressesEvent,projects/core/src/user/events/user.events.ts
LoadUserPaymentMethodsEvent,projects/core/src/user/events/user.events.ts
SearchBoxSuggestionSelectedEvent,projects/storefrontlib/cms-components/navigation/search-box/search-box.events.ts
SearchBoxProductSelectedEvent,projects/storefrontlib/cms-components/navigation/search-box/search-box.events.ts
LogoutEvent,projects/core/src/auth/user-auth/events/user-auth.events.ts
LoginEvent,projects/core/src/auth/user-auth/events/user-auth.events.ts
ComponentEvent,projects/storefrontlib/cms-structure/page/component/events/component.event.ts
ComponentCreateEvent,projects/storefrontlib/cms-structure/page/component/events/component.event.ts
ComponentDestroyEvent,projects/storefrontlib/cms-structure/page/component/events/component.event.ts